backend,operation,num_mols,num_queries,repetitions,positive_queries,completed_queries,completed_pairs,query_hit_rate,result_cardinality,result_pair_density,algorithm,chunk_size,batch_size,workers,prep_threads,gpu_ids,num_gpus,query_mode,pattern_fingerprints,query_concurrency,batches_in_flight_per_gpu,workspace_bytes_per_query_per_gpu,max_results,staging_ms,staging_std_ms,finalize_ms,finalize_std_ms,steady_ms,steady_std_ms,amortized_ms,amortized_std_ms,steady_queries_per_s,steady_offered_pairs_per_s,amortized_queries_per_s,amortized_offered_pairs_per_s
nvmolkit-substruct-library,has,1000000,1000,1,113,1000,1000000000,0.113,,,dfs,65536,1024,-1,-1,0,1,serial,True,4,12,635437056,-1,8922.411199000635,0.0,77.78895899900817,0.0,753.3573889983624,3.2833450053400233,9753.557546998005,3.2833450053400233,1327.3912416649487,1327391241.6649487,102.52669297140557,102526692.97140557
nvmolkit-substruct-library,has,1000000,1000,1,113,1000,1000000000,0.113,,,dfs,65536,1024,-1,-1,0,1,concurrent,True,4,12,635437056,-1,8922.411199000635,0.0,77.78895899900817,0.0,418.85471666804125,1.2327752703904078,9419.054874667685,1.2327752703904078,2387.4626695263864,2387462669.5263863,106.1677645269352,106167764.5269352
nvmolkit-substruct-library,get,1000000,1000,1,113,1000,1000000000,0.113,231,2.31e-07,dfs,65536,1024,-1,-1,0,1,serial,True,4,12,635437056,-1,8922.411199000635,0.0,77.78895899900817,0.0,783.0138713337268,0.36965666060107544,9783.21402933337,0.36965666060107544,1277.1165832562779,1277116583.256278,102.2158972502966,102215897.25029661
nvmolkit-substruct-library,get,1000000,1000,1,113,1000,1000000000,0.113,231,2.31e-07,dfs,65536,1024,-1,-1,0,1,concurrent,True,4,12,635437056,-1,8922.411199000635,0.0,77.78895899900817,0.0,434.9840793329349,4.03773936136931,9435.184237332578,4.03773936136931,2298.9347139636443,2298934713.9636445,105.9862716875479,105986271.68754789
nvmolkit-substruct-library,has,1000000,1000,1,113,1000,1000000000,0.113,,,dfs,262144,1024,-1,-1,0,1,serial,True,4,12,635437056,-1,8078.76269800181,0.0,68.68877799934126,0.0,337.83124566616607,1.1287491440890394,8485.282721667318,1.1287491440890394,2960.0577590983626,2960057759.098363,117.85111148347274,117851111.48347273
nvmolkit-substruct-library,has,1000000,1000,1,113,1000,1000000000,0.113,,,dfs,262144,1024,-1,-1,0,1,concurrent,True,4,12,635437056,-1,8078.76269800181,0.0,68.68877799934126,0.0,138.38655833387747,3.0782987125480146,8285.838034335029,3.0782987125480146,7226.1353417530345,7226135341.753035,120.6878526778075,120687852.6778075
nvmolkit-substruct-library,get,1000000,1000,1,113,1000,1000000000,0.113,231,2.31e-07,dfs,262144,1024,-1,-1,0,1,serial,True,4,12,635437056,-1,8078.76269800181,0.0,68.68877799934126,0.0,359.98281933401205,2.364839715296604,8507.434295335164,2.364839715296604,2777.9103509719016,2777910350.9719014,117.54425191956224,117544251.91956224
nvmolkit-substruct-library,get,1000000,1000,1,113,1000,1000000000,0.113,231,2.31e-07,dfs,262144,1024,-1,-1,0,1,concurrent,True,4,12,635437056,-1,8078.76269800181,0.0,68.68877799934126,0.0,135.93418133435384,1.0639012473048057,8283.385657335506,1.0639012473048057,7356.50143461949,7356501434.619491,120.72358349202676,120723583.49202678
nvmolkit-substruct-library,has,1000000,1000,1,113,1000,1000000000,0.113,,,dfs,1048576,1024,-1,-1,0,1,serial,True,4,12,635437056,-1,7957.4662019986135,0.0,70.12128700080211,0.0,301.9159763328692,0.7056173265326237,8329.503465332285,0.7056173265326237,3312.1798062699318,3312179806.269932,120.05517545698115,120055175.45698115
nvmolkit-substruct-library,has,1000000,1000,1,113,1000,1000000000,0.113,,,dfs,1048576,1024,-1,-1,0,1,concurrent,True,4,12,635437056,-1,7957.4662019986135,0.0,70.12128700080211,0.0,96.47798800142482,0.32037091913254256,8124.0654770008405,0.32037091913254256,10365.058607827017,10365058607.827017,123.09108079335296,123091080.79335296
nvmolkit-substruct-library,get,1000000,1000,1,113,1000,1000000000,0.113,231,2.31e-07,dfs,1048576,1024,-1,-1,0,1,serial,True,4,12,635437056,-1,7957.4662019986135,0.0,70.12128700080211,0.0,305.2276726666605,2.2534354895334,8332.815161666076,2.2534354895334,3276.2429148817746,3276242914.8817744,120.0074621360086,120007462.1360086
nvmolkit-substruct-library,get,1000000,1000,1,113,1000,1000000000,0.113,231,2.31e-07,dfs,1048576,1024,-1,-1,0,1,concurrent,True,4,12,635437056,-1,7957.4662019986135,0.0,70.12128700080211,0.0,96.6677230001854,2.045917273532673,8124.255211999601,2.045917273532673,10344.714543427097,10344714543.427097,123.08820610694144,123088206.10694145
